Country Name,Date,"Transit: Railways, (million passenger-km)","Transit: Passenger cars (per 1,000 people)",Business: Mobile phone subscribers,Business: Internet users (per 100 people),"Health: Mortality, under-5 (per 1,000 live births)",Health: Health expenditure per capita (current US$),"Health: Health expenditure, total (% GDP)",Population: Total (count),Population: Urban (count),"Population:: Birth rate, crude (per 1,000)","Health: Life expectancy at birth, female (years)","Health: Life expectancy at birth, male (years)","Health: Life expectancy at birth, total (years)",Population: Ages 0-14 (% of total),Population: Ages 15-64 (% of total),Population: Ages 65+ (% of total),Finance: GDP (current US$),Finance: GDP per capita (current US$),Destinations,Sources
Afghanistan,7/1/2000,0,,0,,151,11,8,"25,950,816","5,527,524",51,45,45,45,48,50,2,,,"[('Iran, Islamic Rep.', '762129'), ('Kuwait', '88350'), ('United States', '44893')]","[('Bangladesh', '41817'), ('Pakistan', '14877'), ('Nepal', '7169')]"
Albania,7/1/2000,125,,"29,791",0,29,75,6,"3,071,856","1,280,964",17,77,71,74,30,63,7,"3,686,649,387","1,200","[('Greece', '420838'), ('Italy', '275300'), ('Germany', '221897')]","[('Greece', '67508'), ('Macedonia, FYR', '5396'), ('Hungary', '599')]"
Algeria,7/1/2000,"1,142",,"86,000",0,49,63,3,"30,533,827","18,259,229",21,71,69,70,34,62,4,"54,790,058,957","1,794","[('France', '1057135'), ('Israel', '46734'), ('United Kingdom', '40555')]","[('Morocco', '41770'), ('France', '28772'), ('Tunisia', '5426')]"
American Samoa,7/1/2000,,,"1,992",,,,,"57,625","51,171",,,,,,,,,,"[('United States', '16339'), ('Samoa', '1920'), ('New Zealand', '391')]","[('Samoa', '17777'), ('United States', '3605'), ('Tonga', '1150')]"
Andorra,7/1/2000,,,"23,543",11,5,"1,289",8,"64,634","59,722",11,,,,,,,"1,133,644,295","17,539","[('Spain', '2888'), ('France', '394'), ('Portugal', '371')]","[('Spain', '24505'), ('Portugal', '8513'), ('France', '4346')]"
Angola,7/1/2000,,,"25,806",0,200,15,2,"13,926,373","6,823,923",50,47,44,45,48,50,2,"9,129,180,361",656,"[('Portugal', '167578'), ('Namibia', '52200'), ('United Kingdom', '33459')]","[('Portugal', '10113'), ('Cape Verde', '6780'), ('Sao Tome and Principe', '5915')]"
Antigua and Barbuda,7/1/2000,,,"22,000",6,15,411,5,"77,656","24,928",21,,,,,,,"802,526,701","10,334","[('United States', '19151'), ('Philippines', '5791'), ('Virgin Islands (U.S.)', '4842')]","[('Guyana', '3638'), ('Dominica', '2675'), ('Jamaica', '2249')]"
Argentina,7/1/2000,,,"6,487,950",7,20,689,9,"36,930,709","33,274,569",19,78,70,74,28,62,10,"284,203,745,280","7,696","[('United States', '133210'), ('Spain', '83803'), ('Paraguay', '64284')]","[('Paraguay', '331688'), ('Bolivia', '237213'), ('Italy', '224155')]"
Armenia,7/1/2000,47,,"17,486",1,33,41,7,"3,076,098","2,002,540",13,74,68,71,26,64,10,"1,911,563,665",621,"[('Russian Federation', '481328'), ('United States', '99985'), ('Azerbaijan', '89898')]","[('Azerbaijan', '115689'), ('Georgia', '66796'), ('Russian Federation', '29077')]"
Aruba,7/1/2000,,,"15,000",15,,,,"90,271","42,157",14,76,71,74,23,69,7,"1,858,659,293","20,590","[('Netherlands Antilles', '3317'), ('United States', '2101'), ('Netherlands', '1104')]","[('Colombia', '7047'), ('Netherlands', '3678'), ('Dominican Republic', '3630')]"
Australia,7/1/2000,"1,265",,"8,562,000",47,6,"1,728",8,"19,153,000","16,701,416",13,82,77,79,21,67,12,"416,887,521,196","21,766","[('United Kingdom', '113700'), ('United States', '74459'), ('New Zealand', '56375')]","[('United Kingdom', '1026553'), ('New Zealand', '350498'), ('Italy', '216676')]"
Austria,7/1/2000,"8,318",,"6,117,000",34,6,"2,361",10,"8,011,566","5,271,610",10,81,75,78,17,68,15,"192,070,749,954","23,974","[('Germany', '189096'), ('United States', '72126'), ('Serbia and Montenegro', '61465')]","[('Serbia and Montenegro', '187588'), ('Turkey', '179638'), ('Bosnia and Herzegovina', '152381')]"
Azerbaijan,7/1/2000,493,,"420,400",0,67,30,5,"8,048,600","4,120,883",15,70,64,67,31,63,6,"5,272,617,196",655,"[('Russian Federation', '846104'), ('Israel', '225396'), ('Armenia', '115689')]","[('Russian Federation', '106281'), ('Armenia', '89898'), ('Ukraine', '20764')]"
"Bahamas, The",7/1/2000,,,"31,524",8,17,"1,072",6,"297,651","244,074",18,74,69,72,29,65,5,"6,327,552,000","21,258","[('United States', '30465'), ('Canada', '1419'), ('Turks and Caicos Islands', '940')]","[('Haiti', '12703'), ('United States', '4989'), ('Jamaica', '3256')]"
Bahrain,7/1/2000,,,"205,727",6,12,488,4,"638,193","564,163",22,75,73,74,28,69,3,"7,970,690,894","12,489","[('Thailand', '9980'), ('Philippines', '8252'), ('Indonesia', '4388')]","[('India', '39310'), ('Afghanistan', '34419'), ('Pakistan', '24149')]"
Bangladesh,7/1/2000,"3,941",,"279,000",0,86,9,3,"129,592,275","30,583,777",27,65,65,65,37,59,4,"47,124,925,462",364,"[('India', '3789377'), ('Saudi Arabia', '366007'), ('United Kingdom', '163655')]","[('India', '936151'), ('Pakistan', '19837'), ('Nepal', '4004')]"
Barbados,7/1/2000,,,"28,467",4,17,640,6,"267,511","97,106",12,79,72,75,22,67,12,"2,558,850,048","9,565","[('United States', '54282'), ('Canada', '14677'), ('United Kingdom', '8194')]","[('St. Vincent and the Grenadines', '4401'), ('St. Lucia', '3970'), ('United Kingdom', '3576')]"
Belarus,7/1/2000,"17,722",,"49,353",2,14,66,6,"10,005,000","6,993,495",9,75,63,69,19,68,13,"12,736,856,485","1,273","[('Russian Federation', '935782'), ('Ukraine', '270751'), ('Poland', '113204')]","[('Russian Federation', '549738'), ('Poland', '291909'), ('Ukraine', '187293')]"
Belgium,7/1/2000,"7,755",,"5,629,000",29,6,"2,025",9,"10,251,250","9,953,964",11,81,75,78,17,66,17,"232,672,747,374","22,697","[('France', '53553'), ('Netherlands', '43999'), ('United States', '41849')]","[('Italy', '203181'), ('France', '113542'), ('Morocco', '110962')]"
Belize,7/1/2000,,,"16,812",6,27,123,4,"249,800","119,404",30,75,72,74,42,55,4,"832,072,465","3,331","[('United States', '44013'), ('Canada', '1472'), ('France', '1262')]","[('Guatemala', '14672'), ('El Salvador', '6038'), ('Honduras', '4954')]"
Benin,7/1/2000,,,"55,476",0,143,15,4,"6,517,810","2,496,321",43,55,50,53,46,51,3,"2,254,838,685",346,"[('Nigeria', '157826'), ('Togo', '64427'), (""Cote d'Ivoire"", '60847')]","[('Niger', '45137'), ('Togo', '28664'), ('Nigeria', '26569')]"
Bermuda,7/1/2000,,,"13,000",43,,,,"62,100","62,100",14,81,75,78,,,,"3,480,219,000","56,042","[('United States', '15254'), ('Canada', '2128'), ('Australia', '362')]","[('United Kingdom', '4818'), ('United States', '3537'), ('Canada', '2630')]"
Bhutan,7/1/2000,,,0,0,89,53,7,"571,262","145,101",27,63,60,61,40,56,4,"427,808,817",749,"[('India', '7945'), ('Nepal', '2362'), ('Pakistan', '398')]","[('India', '30431'), ('China', '616'), ('Nepal', '488')]"
Bolivia,7/1/2000,,,"582,620",1,82,61,6,"8,307,248","5,133,879",31,65,61,63,40,56,4,"8,397,858,206","1,011","[('Argentina', '237213'), ('United States', '53658'), ('Brazil', '20394')]","[('Argentina', '27612'), ('Brazil', '14708'), ('Mexico', '9557')]"
Bosnia and Herzegovina,7/1/2000,47,,"93,386",1,10,106,7,"3,693,698","1,595,678",11,77,72,74,20,69,11,"5,505,984,456","1,491","[('Croatia', '459328'), ('Germany', '186646'), ('Austria', '152381')]","[('Germany', '15540'), ('Austria', '4894'), ('Greece', '3530')]"
Botswana,7/1/2000,,,"222,190",3,96,155,5,"1,757,925","935,216",27,51,50,51,38,59,3,"5,632,391,130","3,204","[('South Africa', '17676'), ('Malawi', '8438'), ('Mozambique', '3892')]","[('Mozambique', '11355'), ('Malawi', '6380'), ('Zimbabwe', '5444')]"
Brazil,7/1/2000,,,"23,188,171",3,36,265,7,"174,425,387","141,633,414",21,74,66,70,30,65,6,"644,701,831,101","3,696","[('Japan', '242246'), ('United States', '225330'), ('Paraguay', '82987')]","[('Portugal', '212917'), ('Japan', '70837'), ('Italy', '54958')]"
Brunei Darussalam,7/1/2000,,,"95,000",9,9,541,3,"327,036","232,523",23,79,74,76,30,67,3,"6,001,153,318","18,350","[('India', '30378'), ('Malaysia', '5007'), ('Canada', '4280')]","[('Malaysia', '58104'), ('Philippines', '11170'), ('Thailand', '9412')]"
Bulgaria,7/1/2000,"3,472",,"738,000",5,21,95,6,"8,170,172","5,629,249",9,75,68,72,16,68,17,"12,903,546,576","1,579","[('Turkey', '480716'), ('United States', '36019'), ('Greece', '33726')]","[('Russian Federation', '29185'), ('Romania', '16801'), ('Ukraine', '7794')]"
Burkina Faso,7/1/2000,,,"25,245",0,191,11,5,"12,294,012","2,040,806",45,51,49,50,47,51,2,"2,610,945,549",212,"[(""Cote d'Ivoire"", '1252098'), ('Ghana', '31964'), ('Niger', '27134')]","[(""Cote d'Ivoire"", '418038'), ('Mali', '64438'), ('Ghana', '42086')]"
Burundi,7/1/2000,,,"16,320",0,164,7,7,"6,374,347","529,071",38,47,45,46,46,51,3,"835,334,807",131,"[('Tanzania', '72272'), ('Sudan', '51746'), ('Rwanda', '34616')]","[('Rwanda', '29159'), ('Congo, Dem. Rep.', '13072'), ('Tanzania', '6689')]"
Cambodia,7/1/2000,45,,"130,547",0,103,17,6,"12,446,949","2,103,534",27,58,57,57,42,55,3,"3,654,031,716",294,"[('United States', '140684'), ('Germany', '46299'), ('Thailand', '29620')]","[('Vietnam', '122104'), ('Thailand', '100363'), ('China', '5089')]"
Cameroon,7/1/2000,327,,"103,279",0,148,27,5,"15,678,269","7,823,456",38,51,49,50,43,54,4,"10,075,040,331",643,"[('Chad', '35126'), ('Gabon', '23481'), ('Nigeria', '16735')]","[('Nigeria', '72187'), ('Chad', '65397'), ('Congo, Dem. Rep.', '15382')]"
Canada,7/1/2000,,,"8,727,000",51,6,"2,082",9,"30,769,700","24,461,912",11,82,77,79,19,68,13,"724,918,860,683","23,560","[('United States', '950549'), ('United Kingdom', '76106'), ('France', '31846')]","[('United Kingdom', '606723'), ('China', '336302'), ('India', '313999')]"
Cape Verde,7/1/2000,,,"19,729",2,46,57,5,"437,238","233,485",29,74,65,69,42,53,5,"539,227,053","1,233","[('Portugal', '43032'), ('United States', '27182'), ('Mozambique', '17363')]","[('Sao Tome and Principe', '3433'), ('Angola', '2209'), ('Portugal', '1810')]"
Cayman Islands,7/1/2000,,,"10,700",,,,,"40,195","40,195",,,,,,,,,,"[('United States', '1012'), ('Canada', '136'), ('Puerto Rico', '80')]","[('Jamaica', '10628'), ('United States', '3031'), ('United Kingdom', '2344')]"
Central African Republic,7/1/2000,,,"4,967",0,176,10,4,"3,701,607","1,391,804",39,45,42,44,42,54,4,"959,413,051",259,"[('Chad', '9142'), ('Sudan', '2847'), ('Congo, Dem. Rep.', '1979')]","[('Chad', '9103'), ('Congo, Dem. Rep.', '4724'), ('Cameroon', '1565')]"
Chad,7/1/2000,,,"5,500",0,190,10,6,"8,222,327","1,924,025",48,50,47,48,46,51,3,"1,385,050,964",168,"[('Cameroon', '65397'), ('Nigeria', '18127'), ('Sudan', '12323')]","[('Cameroon', '35126'), ('Nigeria', '16799'), ('Sudan', '10800')]"
Channel Islands,7/1/2000,,,,,,,,"145,330","44,326",11,80,75,78,17,69,15,"6,439,703,435","44,311","[('Afghanistan', '0'), ('Albania', '0'), ('Algeria', '0')]","[('Afghanistan', '0'), ('Albania', '0'), ('Algeria', '0')]"
Chile,7/1/2000,737,,"3,401,525",17,11,324,7,"15,419,820","13,245,625",17,80,74,77,28,65,7,"75,210,511,780","4,878","[('Argentina', '219104'), ('United States', '85597'), ('Sweden', '26547')]","[('Argentina', '45713'), ('Peru', '35416'), ('Bolivia', '10556')]"
China,7/1/2000,"441,468",,"85,260,000",2,33,44,5,"1,262,645,000","452,026,910",14,73,70,71,25,68,7,"1,198,474,934,199",949,"[('Hong Kong SAR, China', '2164744'), ('United States', '1016412'), ('Singapore', '348383')]","[('Korea, Rep.', '47152'), ('Korea, Dem. Rep.', '40337'), ('Philippines', '17828')]"
Colombia,7/1/2000,,,"2,256,801",2,27,161,7,"39,764,166","28,669,964",23,75,67,71,33,62,5,"100,363,791,871","2,524","[('Venezuela, RB', '617744'), ('United States', '533019'), ('Spain', '140748')]","[('Venezuela, RB', '37169'), ('United States', '15062'), ('Ecuador', '11366')]"
Comoros,7/1/2000,,,0,0,104,10,3,"562,469","158,054",40,59,56,58,41,56,3,"201,900,820",359,"[('Mayotte', '29800'), ('Madagascar', '7378'), ('United Kingdom', '4902')]","[('Madagascar', '11403'), ('Mayotte', '1010'), ('France', '573')]"
"Congo, Dem. Rep.",7/1/2000,94,,"15,000",0,181,11,4,"49,626,200","14,788,608",49,47,44,46,48,49,3,"4,305,797,176",87,"[('Rwanda', '288278'), ('Uganda', '86624'), ('Sudan', '53612')]","[('France', '51717'), ('Belgium', '34358'), ('United Kingdom', '29360')]"
"Congo, Rep.",7/1/2000,84,,"70,000",0,104,22,2,"3,135,773","1,828,156",38,55,53,54,42,55,4,"3,219,893,817","1,027","[('South Africa', '7316'), ('Gabon', '7284'), ('Zimbabwe', '4819')]","[('Congo, Dem. Rep.', '13781'), ('Central African Republic', '1739'), ('Angola', '1693')]"
Costa Rica,7/1/2000,,,"211,614",6,13,265,7,"3,919,180","2,312,316",20,80,75,78,31,63,5,"15,946,443,261","4,069","[('United States', '76623'), ('Nicaragua', '5469'), ('Panama', '4735')]","[('Nicaragua', '226582'), ('Panama', '10279'), ('United States', '9520')]"
Cote d'Ivoire,7/1/2000,126,,"472,952",0,148,30,5,"16,581,653","7,213,019",37,51,49,50,42,55,3,"10,417,006,096",628,"[('Burkina Faso', '418038'), ('Mali', '74193'), ('Italy', '12381')]","[('Burkina Faso', '1252098'), ('Mali', '444425'), ('Guinea', '129807')]"
Croatia,7/1/2000,"1,252",,"1,033,000",7,8,375,8,"4,426,000","2,460,856",10,77,69,73,17,67,16,"21,517,784,659","4,862","[('Germany', '224721'), ('Austria', '85547'), ('United States', '58970')]","[('Bosnia and Herzegovina', '459328'), ('Serbia and Montenegro', '87639'), ('Slovenia', '22177')]"
Cuba,7/1/2000,,,"6,536",1,9,184,7,"11,104,313","8,394,861",13,78,74,76,22,69,10,"30,565,200,000","2,753","[('United States', '894560'), ('Spain', '40965'), ('United Kingdom', '18288')]","[('Spain', '5209'), ('Russian Federation', '2186'), ('Haiti', '1005')]"
Curacao,7/1/2000,,,,,,,,"133,860",,,,,,,,,,,[],[]
Cyprus,7/1/2000,,,"218,324",15,7,740,6,"943,294","647,100",13,80,76,78,22,67,10,"9,314,937,556","13,422","[('United Kingdom', '79291'), ('France', '29024'), ('Australia', '19299')]","[('United Kingdom', '16800'), ('Greece', '10857'), ('Georgia', '6945')]"
Czech Republic,7/1/2000,"7,266",,"4,346,009",10,7,362,7,"10,272,322","7,601,518",9,78,72,75,17,70,14,"58,807,244,368","5,725","[('Germany', '402366'), ('France', '220766'), ('Slovak Republic', '74910')]","[('Slovak Republic', '287874'), ('Ukraine', '33595'), ('Poland', '24924')]"
Denmark,7/1/2000,"5,381",,"3,363,552",39,6,"2,474",8,"5,339,616","4,544,013",13,79,74,77,19,67,15,"160,082,517,846","29,980","[('Sweden', '37783'), ('United States', '33156'), ('France', '26958')]","[('Turkey', '29369'), ('Bosnia and Herzegovina', '28233'), ('Germany', '26565')]"
Djibouti,7/1/2000,,,230,0,106,44,6,"731,930","609,698",32,55,52,54,41,56,3,"551,230,862",753,"[('Ethiopia', '1513'), ('United Kingdom', '919'), ('Canada', '486')]","[('Somalia', '41968'), ('Ethiopia', '25437'), ('Eritrea', '3259')]"
Dominica,7/1/2000,,,"1,200",9,15,237,6,"69,672","49,537",,,,,,,,"328,735,890","4,718","[('United States', '17967'), ('Guadeloupe', '6275'), ('Virgin Islands (U.S.)', '4919')]","[('Guadeloupe', '846'), ('United Kingdom', '352'), ('United States', '348')]"
Dominican Republic,7/1/2000,,,"705,431",4,41,170,6,"8,591,967","5,361,387",25,73,69,71,35,60,5,"23,996,656,676","2,793","[('United States', '706894'), ('Spain', '35587'), ('Italy', '17851')]","[('Haiti', '228274'), ('Venezuela, RB', '17358'), ('United States', '11114')]"
Ecuador,7/1/2000,,,"482,213",1,33,54,4,"12,345,023","7,444,049",25,76,71,73,34,61,5,"15,941,641,913","1,291","[('United States', '302705'), ('Spain', '176212'), ('Venezuela, RB', '29027')]","[('Colombia', '50510'), ('United States', '10824'), ('Peru', '5090')]"
"Egypt, Arab Rep.",7/1/2000,"34,960",,"1,359,900",1,47,76,5,"67,648,419","28,818,226",26,71,67,69,36,60,4,"99,838,540,997","1,476","[('Saudi Arabia', '980205'), ('Libya', '318394'), ('United Arab Emirates', '133986')]","[('West Bank and Gaza', '41067'), ('Sudan', '15809'), ('Germany', '9983')]"
El Salvador,7/1/2000,,,"743,628",1,34,176,8,"5,940,305","3,469,138",25,75,65,70,38,56,6,"13,134,147,768","2,211","[('United States', '827583'), ('Canada', '38167'), ('Guatemala', '11854')]","[('Honduras', '8802'), ('Guatemala', '6698'), ('Nicaragua', '5896')]"
Equatorial Guinea,7/1/2000,,,"5,000",0,152,42,2,"520,380","201,907",40,50,47,49,43,54,4,"1,254,223,037","2,410","[('Gabon', '38709'), ('Spain', '10778'), ('Nigeria', '3153')]","[('Cameroon', '1863'), ('Spain', '741'), ('Nigeria', '609')]"
Eritrea,7/1/2000,,,0,0,93,9,5,"3,667,576","652,829",38,58,54,56,45,53,2,"633,600,000",173,"[('Ethiopia', '255018'), ('Saudi Arabia', '30072'), ('United States', '17438')]","[('Uganda', '2854'), ('Sudan', '1667'), ('Congo, Dem. Rep.', '1335')]"
Estonia,7/1/2000,261,,"557,000",29,13,220,5,"1,369,515","950,443",10,76,65,70,18,67,15,"5,675,174,662","4,144","[('Russian Federation', '67402'), ('Germany', '42892'), ('Finland', '31597')]","[('Russian Federation', '190599'), ('Ukraine', '25185'), ('Belarus', '14883')]"
Ethiopia,7/1/2000,,,"17,757",0,141,5,4,"65,577,897","9,771,107",42,53,50,52,46,51,3,"8,179,533,779",125,"[('United States', '71578'), ('Israel', '66967'), ('Djibouti', '25437')]","[('Eritrea', '255018'), ('Somalia', '101938'), ('Rwanda', '12420')]"
Faeroe Islands,7/1/2000,,,"16,971",33,,,,"45,743","16,605",,81,76,79,,,,"1,062,339,944","23,224","[('Denmark', '9914'), ('France', '2665'), ('Norway', '921')]","[('Iceland', '411'), ('Norway', '216'), ('Poland', '202')]"
Fiji,7/1/2000,,,"55,057",1,23,85,4,"811,718","392,060",25,70,65,68,35,62,3,"1,684,109,743","2,075","[('Australia', '43695'), ('United States', '31505'), ('New Zealand', '25402')]","[('India', '4531'), ('Australia', '1526'), ('New Zealand', '1428')]"
Finland,7/1/2000,"3,405",,"3,728,625",37,4,"1,692",7,"5,176,209","3,162,664",11,81,74,77,18,67,15,"121,793,808,734","23,530","[('Sweden', '193364'), ('France', '79086'), ('United States', '23608')]","[('Estonia', '31597'), ('Sweden', '28981'), ('Russian Federation', '10527')]"
France,7/1/2000,"69,860",,"29,052,360",14,5,"2,184",10,"60,910,922","46,170,479",13,83,75,79,19,65,16,"1,326,334,899,576","21,775","[('United States', '198061'), ('Spain', '126435'), ('United Kingdom', '116631')]","[('Algeria', '1057135'), ('Poland', '800387'), ('Tunisia', '310949')]"
French Polynesia,7/1/2000,,,"39,900",6,,,,"237,638","124,522",20,75,70,72,33,63,4,"3,447,543,138","14,508","[('United States', '7709'), ('New Caledonia', '3514'), ('France', '477')]","[('France', '21581'), ('New Caledonia', '2934'), ('South Africa', '709')]"
Gabon,7/1/2000,88,,"120,000",1,88,103,2,"1,235,274","989,454",31,61,59,60,41,54,5,"5,067,838,984","4,103","[('Mali', '4543'), ('Ghana', '4040'), ('Germany', '1228')]","[('Equatorial Guinea', '38709'), ('Mali', '26445'), ('Benin', '25017')]"
"Gambia, The",7/1/2000,,,"5,600",1,128,19,6,"1,297,084","636,868",44,56,54,55,46,52,2,"786,665,264",606,"[('Senegal', '7374'), ('Spain', '5083'), ('Nigeria', '4312')]","[('Senegal', '98366'), ('Guinea', '33489'), ('Guinea-Bissau', '10281')]"
Georgia,7/1/2000,453,,"194,741",1,33,45,7,"4,418,300","2,328,444",12,75,68,72,22,66,12,"3,057,453,461",692,"[('Russian Federation', '628973'), ('Israel', '86254'), ('Germany', '75104')]","[('Russian Federation', '119977'), ('Ukraine', '41382'), ('Armenia', '23674')]"
Germany,7/1/2000,"74,388",,"48,202,000",30,5,"2,366",10,"82,211,508","60,096,612",9,81,75,78,16,68,16,"1,886,401,326,700","22,946","[('United States', '1250815'), ('United Kingdom', '338110'), ('Turkey', '272995')]","[('Turkey', '2008979'), ('Poland', '1999975'), ('Russian Federation', '978793')]"
Ghana,7/1/2000,83,,"130,045",0,99,18,7,"19,165,490","8,432,816",34,59,58,58,41,56,3,"4,977,488,790",260,"[('Nigeria', '123169'), (""Cote d'Ivoire"", '75072'), ('United States', '68432')]","[('Togo', '40506'), ('Burkina Faso', '31964'), ('Mauritania', '28145')]"
Greece,7/1/2000,"1,583",,"5,932,403",9,8,918,8,"10,917,482","6,517,737",12,81,75,78,15,68,17,"124,418,164,455","11,396","[('Germany', '367554'), ('United States', '179950'), ('Australia', '115342')]","[('Albania', '420838'), ('Bulgaria', '33726'), ('Georgia', '21977')]"
Greenland,7/1/2000,,,"15,114",32,,,,"56,200","45,859",16,69,63,66,,,,"1,068,024,994","19,004","[('Denmark', '11934'), ('France', '1760'), ('Guatemala', '248')]","[('Denmark', '6808'), ('Faeroe Islands', '182'), ('Mexico', '43')]"
Grenada,7/1/2000,,,"4,300",4,15,259,6,"101,522","31,472",19,75,72,73,35,57,8,"519,753,000","5,120","[('United States', '27847'), ('Trinidad and Tobago', '11335'), ('Canada', '8755')]","[('Trinidad and Tobago', '3072'), ('United States', '1317'), ('St. Vincent and the Grenadines', '605')]"
Guam,7/1/2000,,,"27,200",16,,,,"155,147","144,442",22,77,72,74,30,64,5,,,"[('United States', '47896'), ('Northern Mariana Islands', '1607'), ('Philippines', '1016')]","[('Philippines', '32675'), ('United States', '19125'), ('Micronesia, Fed. Sts.', '6994')]"
Guatemala,7/1/2000,,,"856,831",1,49,95,6,"11,237,101","5,067,933",37,71,64,68,44,52,4,"19,290,566,570","1,717","[('United States', '489507'), ('Mexico', '24148'), ('Belize', '14672')]","[('El Salvador', '11854'), ('Mexico', '10901'), ('Nicaragua', '5321')]"
Guinea,7/1/2000,,,"42,112",0,175,19,5,"8,344,486","2,586,791",42,50,47,48,44,52,3,"3,112,362,568",373,"[(""Cote d'Ivoire"", '129807'), ('Senegal', '74213'), ('Sierra Leone', '58908')]","[('Liberia', '117820'), ('Sierra Leone', '97669'), ('Mali', '9945')]"
Guinea-Bissau,7/1/2000,,,0,0,177,10,6,"1,240,655","368,475",42,46,44,45,43,54,3,"215,455,490",174,"[('Senegal', '42094'), ('Gambia, The', '10281'), ('Nigeria', '3206')]","[('Senegal', '6407'), ('Guinea', '3547'), ('Gambia, The', '513')]"
Guyana,7/1/2000,,,"39,830",7,47,51,5,"733,101","209,667",21,68,61,64,36,60,5,"712,667,925",972,"[('United States', '219060'), ('Canada', '82057'), ('Suriname', '7919')]","[('Suriname', '2245'), ('Brazil', '1042'), ('Venezuela, RB', '1025')]"
Haiti,7/1/2000,,,"55,000",0,109,26,6,"8,645,371","3,077,752",31,60,57,58,40,56,4,"3,664,503,846",424,"[('United States', '435259'), ('Dominican Republic', '228274'), ('Canada', '52606')]","[('Dominican Republic', '12882'), ('Cuba', '5379'), ('United States', '3046')]"
Honduras,7/1/2000,,,"155,271",1,37,62,5,"6,218,151","2,760,859",32,73,68,70,42,54,4,"7,105,541,205","1,143","[('United States', '288779'), ('Nicaragua', '10960'), ('El Salvador', '8802')]","[('El Salvador', '6644'), ('Nicaragua', '5713'), ('United States', '4946')]"
"Hong Kong SAR, China",7/1/2000,,,"5,447,346",28,,,,"6,665,000","6,665,000",8,84,78,81,17,72,11,"169,121,013,113","25,374","[('Canada', '234201'), ('United States', '207845'), ('United Kingdom', '143805')]","[('China', '2164744'), ('Malaysia', '70681'), ('Macao SAR, China', '69229')]"
Hungary,7/1/2000,"7,052",,"3,076,279",7,11,326,7,"10,210,971","6,596,287",10,76,67,71,17,68,15,"46,385,589,534","4,543","[('United States', '93543'), ('Germany', '71830'), ('Canada', '49398')]","[('Romania', '133077'), ('Serbia and Montenegro', '31051'), ('Germany', '16733')]"
Iceland,7/1/2000,,,"214,896",44,4,"2,996",10,"281,205","259,271",14,82,78,80,23,65,12,"8,697,298,234","30,929","[('Germany', '6984'), ('Denmark', '5750'), ('Norway', '3860')]","[('Denmark', '2306'), ('Sweden', '1549'), ('Poland', '1493')]"
India,7/1/2000,"430,666",,"3,577,095",1,86,21,5,"1,053,898,107","291,929,776",26,63,61,62,35,61,4,"474,691,627,708",450,"[('Pakistan', '2512906'), ('United States', '1041320'), ('Saudi Arabia', '1007649')]","[('Bangladesh', '3789377'), ('Pakistan', '1331659'), ('Nepal', '649166')]"
Indonesia,7/1/2000,,,"3,669,327",1,54,16,2,"213,395,411","89,626,073",21,67,64,66,31,65,5,"165,021,012,262",773,"[('Malaysia', '885328'), ('Saudi Arabia', '286600'), ('Netherlands', '155137')]","[('China', '81323'), ('Taiwan, China', '11058'), ('United Kingdom', '8517')]"
"Iran, Islamic Rep.",7/1/2000,"7,119",,"962,595",1,44,226,5,"65,342,319","41,949,769",19,71,69,70,35,61,4,"101,286,514,977","1,550","[('United States', '294355'), ('Germany', '108486'), ('United Arab Emirates', '76907')]","[('Afghanistan', '762129'), ('Iraq', '169650'), ('Pakistan', '8372')]"
Iraq,7/1/2000,,,0,,43,16,1,"24,313,641","16,484,649",38,73,68,71,43,53,4,"25,857,106,736","1,063","[('Iran, Islamic Rep.', '169650'), ('Kuwait', '159233'), ('United States', '93991')]","[('Kuwait', '8301'), ('Egypt, Arab Rep.', '2510'), ('Iran, Islamic Rep.', '1923')]"
Ireland,7/1/2000,"1,389",,"2,461,000",18,7,"1,538",6,"3,805,174","2,248,858",14,79,74,77,22,67,11,"97,524,453,299","25,629","[('United Kingdom', '636751'), ('France', '181039'), ('United States', '163136')]","[('United Kingdom', '227440'), ('United States', '24104'), ('Germany', '10126')]"
Isle of Man,7/1/2000,,,,,,,,"76,803","39,784",,,,,,,,"1,563,667,800","20,359","[('Afghanistan', '0'), ('Albania', '0'), ('Algeria', '0')]","[('Afghanistan', '0'), ('Albania', '0'), ('Algeria', '0')]"
Israel,7/1/2000,781,,"4,400,000",20,7,"1,451",7,"6,289,000","5,748,146",22,81,77,79,28,62,10,"124,895,151,203","19,859","[('West Bank and Gaza', '479728'), ('United States', '125896'), ('Canada', '16897')]","[('Russian Federation', '420072'), ('Azerbaijan', '225396'), ('Morocco', '187826')]"
Italy,7/1/2000,"44,849",,"42,246,000",23,6,"1,547",8,"56,942,108","38,265,097",9,83,77,79,14,67,18,"1,104,009,462,562","19,388","[('Germany', '629291'), ('United States', '547833'), ('Switzerland', '336726')]","[('Morocco', '286498'), ('Albania', '275300'), ('Romania', '119123')]"
Jamaica,7/1/2000,,,"366,952",3,30,190,5,"2,589,389","1,341,303",21,73,68,70,33,60,7,"9,008,629,729","3,479","[('United States', '575845'), ('United Kingdom', '152843'), ('Canada', '118874')]","[('United States', '6169'), ('United Kingdom', '4722'), ('Haiti', '1449')]"
Japan,7/1/2000,"240,793",,"66,784,374",30,5,"2,827",8,"126,870,000","82,719,240",9,85,78,81,15,68,17,"4,731,198,760,271","37,292","[('United States', '500527'), ('Brazil', '70837'), ('United Kingdom', '59546')]","[('Korea, Rep.', '685943'), ('China', '335495'), ('Brazil', '242246')]"
Jordan,7/1/2000,,,"388,949",3,29,169,10,"4,797,500","3,756,443",30,73,71,72,40,57,3,"8,463,892,909","1,764","[('Kuwait', '434725'), ('West Bank and Gaza', '269988'), ('Saudi Arabia', '127456')]","[('West Bank and Gaza', '104718'), ('Egypt, Arab Rep.', '102174'), ('Iraq', '36440')]"
Kazakhstan,7/1/2000,"10,215",,"197,300",1,44,51,4,"14,883,626","8,379,481",15,71,60,66,28,66,7,"18,291,990,619","1,229","[('Russian Federation', '2584955'), ('Ukraine', '245072'), ('Uzbekistan', '164799')]","[('Russian Federation', '1931909'), ('Ukraine', '402671'), ('Uzbekistan', '109989')]"
Kenya,7/1/2000,350,,"127,404",0,111,17,4,"31,253,701","6,156,979",38,53,51,52,44,53,3,"12,691,278,914",406,"[('United Kingdom', '130511'), ('United States', '43978'), ('Uganda', '43186')]","[('Uganda', '351083'), ('Tanzania', '61151'), ('Sudan', '48296')]"
Kiribati,7/1/2000,,,300,2,65,65,8,"84,010","36,124",,62,57,60,,,,"68,239,321",812,"[('United States', '6471'), ('Naura', '1950'), ('Solomon Islands', '1404')]","[('Tuvalu', '1040'), ('Australia', '174'), ('Fiji', '108')]"
"Korea, Dem. Rep.",7/1/2000,,,0,0,58,,,"22,894,095","13,782,245",18,69,62,65,26,67,7,,,"[('Korea, Rep.', '431629'), ('China', '40337'), ('Hong Kong SAR, China', '29763')]","[('China', '20739'), ('Korea, Rep.', '4185'), ('Philippines', '1582')]"
"Korea, Rep.",7/1/2000,"28,097",,"26,816,398",44,6,543,5,"47,008,000","37,418,368",13,80,72,76,21,72,7,"533,384,027,729","11,347","[('United States', '896982'), ('Japan', '685943'), ('Canada', '80541')]","[('Korea, Dem. Rep.', '431629'), ('China', '48165'), ('Japan', '13517')]"
Kosovo,7/1/2000,,,,,,,,"1,700,000",,23,70,66,68,,,,"1,849,196,082","1,088","[('Afghanistan', '0'), ('Albania', '0'), ('Algeria', '0')]","[('Afghanistan', '0'), ('Albania', '0'), ('Algeria', '0')]"
Kuwait,7/1/2000,,,"476,000",7,13,438,3,"1,940,786","1,905,852",22,75,73,74,27,70,3,"37,718,011,469","19,434","[('West Bank and Gaza', '156362'), ('Saudi Arabia', '101301'), ('United States', '22703')]","[('Jordan', '434725'), ('Iraq', '159233'), ('Egypt, Arab Rep.', '114162')]"
Kyrgyz Republic,7/1/2000,,,"9,000",1,52,13,5,"4,898,400","1,734,034",20,72,65,69,35,60,5,"1,369,691,955",280,"[('Russian Federation', '463521'), ('Kazakhstan', '73813'), ('Uzbekistan', '64926')]","[('Russian Federation', '167792'), ('Kazakhstan', '86404'), ('Uzbekistan', '67084')]"
Lao PDR,7/1/2000,,,"12,681",0,88,10,3,"5,317,060","1,169,753",30,63,60,61,42,54,4,"1,731,198,022",326,"[('United States', '213399'), ('Thailand', '46108'), ('Germany', '34298')]","[('Vietnam', '13401'), ('China', '3991'), ('Thailand', '2203')]"
Latvia,7/1/2000,715,,"401,272",6,17,198,6,"2,372,985","1,616,003",9,76,65,70,18,67,16,"7,833,068,425","3,301","[('Russian Federation', '102518'), ('United States', '69779'), ('Germany', '56469')]","[('Russian Federation', '238521'), ('Belarus', '79328'), ('Ukraine', '53535')]"
Lebanon,7/1/2000,,,"743,000",8,29,488,11,"3,742,329","3,218,403",20,73,69,71,30,63,7,"17,260,364,842","4,612","[('United States', '113215'), ('Kuwait', '76410'), ('Australia', '70359')]","[('Egypt, Arab Rep.', '37538'), ('India', '35326'), ('Afghanistan', '23718')]"
Lesotho,7/1/2000,,,"21,600",0,127,28,7,"1,963,878","392,776",32,48,47,48,41,54,4,"745,832,990",380,"[('South Africa', '114095'), ('Malawi', '30454'), ('Mozambique', '19502')]","[('South Africa', '3140'), ('Australia', '913'), ('New Zealand', '354')]"
Liberia,7/1/2000,,,"1,500",0,169,19,9,"2,847,290","1,546,078",43,47,45,46,44,54,3,"529,064,647",186,"[('Guinea', '117820'), (""Cote d'Ivoire"", '44023'), ('United States', '42949')]","[('Guinea', '40011'), ('Ghana', '12790'), ('Sierra Leone', '9774')]"
Libya,7/1/2000,,,"40,000",0,27,212,3,"5,231,189","3,996,628",24,75,70,73,32,64,3,"33,896,600,871","6,480","[('United States', '35552'), ('Israel', '21830'), ('Sudan', '18928')]","[('Egypt, Arab Rep.', '318394'), ('Tunisia', '67943'), ('West Bank and Gaza', '45111')]"
Liechtenstein,7/1/2000,,,"10,000",37,6,,,"32,853","4,961",13,,,,,,,"2,483,890,594","75,606","[('Germany', '1756'), ('Switzerland', '1713'), ('Austria', '515')]","[('Switzerland', '4097'), ('Austria', '2132'), ('Germany', '1077')]"
Lithuania,7/1/2000,611,,"524,000",6,12,213,6,"3,499,536","2,344,689",10,78,67,72,20,66,14,"11,434,200,000","3,267","[('Germany', '126069'), ('Russian Federation', '86199'), ('Poland', '85576')]","[('Russian Federation', '95737'), ('Belarus', '56314'), ('Ukraine', '20225')]"
Luxembourg,7/1/2000,,,"303,274",23,5,"3,438",7,"436,300","365,619",13,81,75,78,19,67,14,"20,269,578,036","46,458","[('Germany', '6075'), ('Belgium', '4448'), ('Portugal', '3477')]","[('Portugal', '41352'), ('France', '18733'), ('Belgium', '14687')]"
"Macao SAR, China",7/1/2000,,,"141,052",14,,,,"431,867","431,867",9,81,76,79,23,70,7,"6,101,794,939","14,129","[('Hong Kong SAR, China', '69229'), ('Canada', '6680'), ('China', '6005')]","[('China', '203877'), ('Hong Kong SAR, China', '14212'), ('Korea, Dem. Rep.', '10084')]"
"Macedonia, FYR",7/1/2000,176,,"115,748",2,16,159,9,"2,009,091","1,263,718",13,75,71,73,22,68,10,"3,586,883,989","1,785","[('Switzerland', '58224'), ('Germany', '54994'), ('Italy', '44657')]","[('Greece', '18800'), ('Germany', '14480'), ('Poland', '8269')]"
Madagascar,7/1/2000,,,"63,094",0,102,9,4,"15,364,272","4,163,718",41,61,58,60,45,52,3,"3,877,575,177",252,"[('United Kingdom', '31476'), ('Comoros', '11403'), ('United States', '3522')]","[('France', '13633'), ('Comoros', '7378'), ('India', '5878')]"
Malawi,7/1/2000,27,,"49,000",0,167,9,6,"11,228,756","1,706,771",44,46,46,46,46,51,3,"1,743,506,520",155,"[('Zimbabwe', '142229'), ('South Africa', '26143'), ('Zambia', '15551')]","[('Mozambique', '110451'), ('Zimbabwe', '57580'), ('Lesotho', '30454')]"
Malaysia,7/1/2000,"1,312",,"5,121,748",21,11,128,3,"23,414,909","14,517,244",24,74,70,72,33,63,4,"93,789,736,842","4,006","[('Singapore', '725607'), ('Australia', '77737'), ('Hong Kong SAR, China', '70681')]","[('Indonesia', '885328'), ('Philippines', '175740'), ('Bangladesh', '77856')]"
Maldives,7/1/2000,,,"7,638",2,47,200,9,"273,236","75,686",22,71,70,70,40,56,4,"624,337,144","2,285","[('India', '240'), ('Australia', '170'), ('New Zealand', '38')]","[('Bangladesh', '1664'), ('Pakistan', '592'), ('Nepal', '285')]"
Mali,7/1/2000,204,,"10,398",0,213,16,6,"11,295,324","3,151,395",49,48,46,47,47,50,3,"2,422,469,641",214,"[(""Cote d'Ivoire"", '444425'), ('Nigeria', '90128'), ('Burkina Faso', '64438')]","[(""Cote d'Ivoire"", '74193'), ('Burkina Faso', '21397'), ('Guinea', '15563')]"
Malta,7/1/2000,,,"114,444",14,8,640,7,"381,363","352,379",11,80,76,78,20,68,11,"3,957,418,083","10,377","[('Australia', '46557'), ('France', '9528'), ('Canada', '9255')]","[('United Kingdom', '4361'), ('Australia', '682'), ('Italy', '503')]"
Marshall Islands,7/1/2000,,,447,2,37,418,20,"52,145","35,667",,68,63,65,,,,"110,937,729","2,127","[('United States', '5161'), ('Micronesia, Fed. Sts.', '311'), ('Northern Mariana Islands', '131')]","[('United Kingdom', '796'), ('New Zealand', '170'), ('Australia', '168')]"
Mauritania,7/1/2000,,,"15,300",0,116,16,4,"2,642,743","1,057,097",37,59,55,57,43,55,3,"1,293,653,473",490,"[('Ghana', '28145'), ('Senegal', '22780'), ('Nigeria', '11938')]","[('Senegal', '40517'), ('Mali', '8043'), ('Guinea', '3262')]"
Mauritius,7/1/2000,,,"180,000",7,19,145,4,"1,186,873","506,795",17,75,68,72,27,68,6,"4,582,562,398","3,861","[('United Kingdom', '23919'), ('Australia', '16958'), ('Italy', '10572')]","[('China', '19986'), ('India', '8185'), ('France', '2479')]"
Mexico,7/1/2000,82,,"14,077,880",5,29,324,5,"99,959,594","74,669,817",23,77,72,74,33,62,5,"581,426,421,971","5,817","[('United States', '9367910'), ('Canada', '42939'), ('Russian Federation', '25104')]","[('United States', '350626'), ('Guatemala', '24148'), ('Spain', '21133')]"
"Micronesia, Fed. Sts.",7/1/2000,,,0,4,49,170,8,"107,103","23,884",30,68,67,67,40,56,4,"233,611,434","2,181","[('Guam', '6994'), ('Northern Mariana Islands', '2218'), ('Philippines', '1768')]","[('Philippines', '647'), ('United States', '629'), ('China', '397')]"
Moldova,7/1/2000,,,"139,000",1,26,22,6,"3,639,588","1,623,256",12,71,63,67,24,66,10,"1,288,420,223",354,"[('Russian Federation', '277527'), ('Ukraine', '165126'), ('Romania', '39157')]","[('Ukraine', '218596'), ('Russian Federation', '203909'), ('Kazakhstan', '17294')]"
Monaco,7/1/2000,,,,,5,"2,673",3,"35,126","35,126",,,,,,,,"2,647,883,820","75,382","[('France', '1097'), ('Thailand', '325'), ('Germany', '222')]","[('France', '7135'), ('Poland', '2306'), ('Algeria', '1000')]"
Mongolia,7/1/2000,"1,070",,"154,600",1,61,22,5,"2,411,369","1,364,835",20,66,60,63,35,61,4,"1,136,896,162",471,"[('Hungary', '1416'), ('Czech Republic', '572'), ('Switzerland', '329')]","[('Russian Federation', '3367'), ('China', '2442'), ('Kazakhstan', '646')]"
Montenegro,7/1/2000,,,,,13,112,8,"632,606","370,075",14,78,72,75,22,68,10,"984,279,596","1,556","[('Afghanistan', '0'), ('Albania', '0'), ('Algeria', '0')]","[('Afghanistan', '0'), ('Albania', '0'), ('Algeria', '0')]"
Morocco,7/1/2000,"1,956",,"2,342,000",1,55,54,4,"28,793,236","15,346,795",22,71,67,69,34,62,5,"37,020,609,825","1,272","[('Italy', '286498'), ('France', '262462'), ('Spain', '253173')]","[('France', '24973'), ('Algeria', '13233'), ('Spain', '13040')]"
Mozambique,7/1/2000,,,"51,065",0,177,14,6,"18,200,656","5,587,601",44,49,46,47,44,53,3,"4,248,747,769",233,"[('South Africa', '264572'), ('Malawi', '110451'), ('Zimbabwe', '95036')]","[('South Africa', '159113'), ('Zimbabwe', '46688'), ('Portugal', '35888')]"
Myanmar,7/1/2000,,,"13,397",,87,3,2,"44,957,660","12,588,145",21,63,61,62,31,64,5,,,"[('Thailand', '171759'), ('India', '60627'), ('United States', '35623')]","[('China', '45384'), ('India', '35178'), ('Pakistan', '3501')]"
Namibia,7/1/2000,,,"82,000",2,74,131,6,"1,895,839","614,252",31,59,57,58,40,56,3,"3,908,501,441","2,062","[('South Africa', '44473'), ('Malawi', '8155'), ('Zambia', '2023')]","[('Angola', '52200'), ('South Africa', '27234'), ('Zambia', '9717')]"
Nepal,7/1/2000,,,"10,226",0,84,12,5,"24,400,606","3,269,681",33,62,61,62,41,55,4,"5,494,252,208",225,"[('India', '649166'), ('Pakistan', '34515'), ('Thailand', '21350')]","[('India', '563571'), ('Pakistan', '15925'), ('Bhutan', '2362')]"
Netherlands,7/1/2000,"14,760",,"10,755,000",44,6,"1,909",8,"15,925,513","12,230,794",13,81,76,78,19,68,14,"385,074,626,866","24,180","[('Canada', '115944'), ('Germany', '112253'), ('United States', '106397')]","[('Suriname', '178273'), ('Turkey', '176306'), ('Indonesia', '155137')]"
New Caledonia,7/1/2000,,,"49,948",14,,,,"213,230","131,989",21,78,72,75,29,65,6,"2,682,347,064","12,580","[('France', '9450'), ('Reunion', '5596'), ('French Polynesia', '2934')]","[('France', '24944'), ('Wallis and Futuna', '7165'), ('Vanuatu', '4064')]"
New Zealand,7/1/2000,,,"1,542,000",47,7,"1,055",8,"3,857,800","3,306,135",15,81,76,79,23,66,12,"51,599,748,518","13,375","[('Australia', '350498'), ('United Kingdom', '60530'), ('United States', '26771')]","[('United Kingdom', '221729'), ('Australia', '56375'), ('Samoa', '46795')]"
Nicaragua,7/1/2000,,,"90,294",1,43,54,7,"5,073,704","2,775,316",28,72,67,70,41,55,4,"3,936,327,817",776,"[('United States', '229386'), ('Costa Rica', '226582'), ('Canada', '9279')]","[('Honduras', '10960'), ('Costa Rica', '5469'), ('United States', '3416')]"
Niger,7/1/2000,,,"2,056",0,218,5,4,"10,922,421","1,769,432",52,49,48,48,48,49,2,"1,798,365,123",165,"[('Nigeria', '58115'), (""Cote d'Ivoire"", '57705'), ('Benin', '45137')]","[('Mali', '58083'), ('Burkina Faso', '27134'), ('Nigeria', '24758')]"
Nigeria,7/1/2000,363,,"30,000",0,186,17,5,"123,688,536","52,567,628",42,47,45,46,43,54,3,"45,983,449,593",372,"[('United States', '141571'), ('United Kingdom', '106221'), ('Cameroon', '72187')]","[('Benin', '157826'), ('Ghana', '123169'), ('Mali', '90128')]"
Northern Mariana Islands,7/1/2000,,,"3,000",,,,,"68,432","61,726",,,,,,,,,,"[('United States', '7711'), ('Guam', '2186'), ('Palau', '214')]","[('Philippines', '15986'), ('China', '15754'), ('United States', '2269')]"
Norway,7/1/2000,,,"3,224,000",27,5,"3,146",8,"4,490,967","3,417,626",13,81,76,79,20,65,15,"168,288,531,891","37,473","[('Sweden', '42012'), ('Germany', '41266'), ('United States', '38323')]","[('Sweden', '34109'), ('Denmark', '22173'), ('United States', '15273')]"
Oman,7/1/2000,,,"162,000",4,22,249,3,"2,264,163","1,621,141",24,75,73,74,37,61,2,"19,867,880,550","8,775","[('United Arab Emirates', '116710'), ('West Bank and Gaza', '90518'), ('Kuwait', '39307')]","[('India', '312053'), ('Bangladesh', '102360'), ('Pakistan', '73001')]"
Pakistan,7/1/2000,"18,495",,"306,493",,101,15,3,"144,522,192","47,981,368",31,64,62,63,41,55,4,"73,952,374,970",512,"[('India', '1331659'), ('Saudi Arabia', '638606'), ('United Arab Emirates', '569556')]","[('India', '2512906'), ('Bangladesh', '48910'), ('Nepal', '34515')]"
Palau,7/1/2000,,,,,25,660,11,"19,172","13,401",15,75,67,70,,,,"119,863,000","6,252","[('United States', '9066'), ('Philippines', '3135'), ('Thailand', '2274')]","[('Philippines', '2887'), ('China', '1040'), ('United States', '515')]"
Panama,7/1/2000,,,"410,401",7,26,306,8,"2,956,126","1,945,131",23,77,72,74,32,63,6,"11,620,500,000","3,931","[('United States', '146882'), ('Costa Rica', '10279'), ('Canada', '2483')]","[('Colombia', '21845'), ('China', '9433'), ('Dominican Republic', '5962')]"
Papua New Guinea,7/1/2000,,,"8,560",1,74,26,4,"5,378,824","710,005",35,61,57,59,40,57,2,"3,521,348,155",655,"[('Australia', '23266'), ('United States', '9189'), ('Solomon Islands', '1573')]","[('Australia', '8463'), ('United Kingdom', '2504'), ('New Zealand', '1897')]"
Paraguay,7/1/2000,,,"820,810",1,35,122,9,"5,343,539","2,954,977",28,72,68,70,38,57,4,"7,071,265,939","1,323","[('Argentina', '331688'), ('Brazil', '28828'), ('United States', '13715')]","[('Brazil', '82987'), ('Argentina', '64284'), ('Uruguay', '3305')]"
Peru,7/1/2000,,,"1,273,857",3,41,96,5,"25,861,887","18,284,354",24,73,68,70,34,61,5,"53,290,390,318","2,061","[('United States', '285925'), ('Argentina', '91182'), ('Italy', '46851')]","[('United States', '4829'), ('Chile', '4033'), ('Argentina', '3586')]"
Philippines,7/1/2000,171,,"6,454,359",2,40,33,3,"77,309,965","45,226,330",30,70,64,67,39,58,3,"81,026,294,681","1,048","[('United States', '1505820'), ('Saudi Arabia', '369850'), ('Canada', '233010')]","[('China', '125278'), ('United States', '36157'), ('United Kingdom', '32865')]"
Poland,7/1/2000,"24,226",,"6,747,000",7,10,247,6,"38,453,757","23,725,968",10,78,70,74,19,68,12,"171,276,118,424","4,454","[('Germany', '1999975'), ('France', '800387'), ('United States', '490599')]","[('Ukraine', '331462'), ('Belarus', '113204'), ('Germany', '108175')]"
Portugal,7/1/2000,"3,632",,"6,664,951",17,7,967,9,"10,225,836","5,562,855",12,80,73,76,16,68,16,"117,299,520,914","11,471","[('Brazil', '212917'), ('United States', '212370'), ('Canada', '151562')]","[('Angola', '167578'), ('France', '93565'), ('Mozambique', '74227')]"
Puerto Rico,7/1/2000,,,"1,318,099",10,,,,"3,810,605","3,604,832",16,81,73,77,24,65,11,"61,701,800,000","16,192","[('United States', '1455095'), ('Dominican Republic', '10690'), ('Russian Federation', '7564')]","[('United States', '243628'), ('France', '14326'), ('Haiti', '12809')]"
Qatar,7/1/2000,,,"120,856",5,13,659,2,"590,957","560,818",19,76,76,76,26,72,2,"17,759,889,598","30,053","[('Canada', '1083'), ('West Bank and Gaza', '1052'), ('Kuwait', '338')]","[('Egypt, Arab Rep.', '56093'), ('India', '52788'), ('Afghanistan', '35442')]"
Romania,7/1/2000,"11,632",,"2,499,000",4,27,87,5,"22,442,971","12,006,989",10,75,68,71,18,68,13,"37,052,636,395","1,651","[('Germany', '324085'), ('United States', '140085'), ('Israel', '139278')]","[('Moldova', '39157'), ('Bulgaria', '19786'), ('Ukraine', '15114')]"
Russian Federation,7/1/2000,"167,100",,"3,263,200",2,23,96,5,"146,303,000","107,386,402",9,72,59,65,18,69,12,"259,708,496,267","1,775","[('Ukraine', '3613240'), ('Kazakhstan', '1931909'), ('Germany', '978793')]","[('Ukraine', '3559975'), ('Kazakhstan', '2584955'), ('Belarus', '935782')]"
Rwanda,7/1/2000,,,"39,000",0,177,9,4,"8,098,344","1,117,571",40,47,46,47,45,52,3,"1,734,921,293",214,"[('Uganda', '65400'), ('Sudan', '60380'), ('Burundi', '29159')]","[('Congo, Dem. Rep.', '288278'), ('Burundi', '34616'), ('Uganda', '16028')]"
Samoa,7/1/2000,,,"2,500",1,23,73,6,"176,549","38,664",32,73,66,69,41,55,4,"245,617,503","1,391","[('New Zealand', '46795'), ('American Samoa', '17777'), ('United States', '17467')]","[('American Samoa', '1920'), ('New Zealand', '1803'), ('United States', '444')]"
San Marino,7/1/2000,,,"14,503",49,5,"2,150",8,"26,967","25,187",,84,77,81,,,,"773,907,642","28,698","[('Italy', '3115'), ('Germany', '401'), ('Switzerland', '33')]","[('United States', '3730'), ('France', '1066'), ('Belgium', '799')]"
Sao Tome and Principe,7/1/2000,,,0,5,87,61,11,"141,010","75,299",35,64,61,62,43,53,4,,,"[('Portugal', '12267'), ('Angola', '5915'), ('Cape Verde', '3433')]","[('Cape Verde', '3607'), ('Angola', '940'), ('Portugal', '261')]"
Saudi Arabia,7/1/2000,288,,"1,375,881",2,26,386,4,"20,045,276","15,996,130",27,73,70,71,39,58,3,"188,441,864,875","9,401","[('West Bank and Gaza', '86899'), ('Kuwait', '33493'), ('United States', '27946')]","[('India', '1007649'), ('Egypt, Arab Rep.', '980205'), ('Pakistan', '638606')]"
Senegal,7/1/2000,138,,"250,251",0,119,20,4,"9,505,862","3,859,380",40,57,55,56,45,52,3,"4,691,828,357",494,"[('Gambia, The', '98366'), ('Italy', '49590'), ('Mauritania', '40517')]","[('Guinea', '74213'), ('Guinea-Bissau', '42094'), ('Mauritania', '22780')]"
Serbia,7/1/2000,"1,387",,,,13,44,7,"7,516,346","3,840,853",10,75,70,72,20,66,14,"6,082,791,506",809,"[('Afghanistan', '0'), ('Albania', '0'), ('Algeria', '0')]","[('Afghanistan', '0'), ('Albania', '0'), ('Algeria', '0')]"
Seychelles,7/1/2000,,,"25,961",7,14,402,5,"81,131","41,377",19,,,,,,,"614,879,765","7,579","[('United States', '2572'), ('Australia', '2438'), ('United Kingdom', '1434')]","[('India', '1650'), ('Sri Lanka', '924'), ('United Kingdom', '536')]"
Sierra Leone,7/1/2000,,,"11,940",0,233,22,15,"4,143,115","1,470,806",44,41,39,40,42,56,2,"635,876,870",153,"[('Guinea', '97669'), ('United States', '22044'), ('Liberia', '9774')]","[('Guinea', '58908'), ('Liberia', '21026'), ('Gambia, The', '2386')]"
Singapore,7/1/2000,,,"2,747,400",35,4,648,3,"4,027,900","4,027,900",12,80,76,78,21,71,7,"95,922,652,586","23,815","[('Hong Kong SAR, China', '68886'), ('Malaysia', '65444'), ('United Kingdom', '40985')]","[('Malaysia', '725607'), ('China', '348383'), ('India', '105187')]"
Sint Maarten (Dutch part),7/1/2000,,,,,,,,"30,519",,,,,,,,,,,[],[]
Slovak Republic,7/1/2000,"2,870",,"1,243,736",9,12,249,7,"5,388,720","3,033,849",10,77,69,73,20,69,11,"28,724,041,828","5,330","[('Czech Republic', '287874'), ('Germany', '118829'), ('France', '58839')]","[('Czech Republic', '74910'), ('Hungary', '17138'), ('Ukraine', '7468')]"
Slovenia,7/1/2000,705,,"1,215,601",15,5,829,8,"1,988,925","1,010,374",9,79,72,75,16,70,14,"19,979,467,790","10,045","[('Croatia', '22177'), ('Germany', '21893'), ('Austria', '9722')]","[('Bosnia and Herzegovina', '69279'), ('Croatia', '48609'), ('Serbia and Montenegro', '26951')]"
Solomon Islands,7/1/2000,,,"1,151",0,35,42,5,"408,732","64,171",35,64,62,63,42,55,3,"435,101,217","1,065","[('Australia', '1307'), ('New Zealand', '497'), ('United States', '360')]","[('Papua New Guinea', '1573'), ('Kiribati', '1404'), ('Australia', '512')]"
Somalia,7/1/2000,,,"80,000",0,180,,,"7,399,033","2,456,479",46,50,47,48,44,53,3,,,"[('Ethiopia', '101938'), ('Djibouti', '41968'), ('United States', '36762')]","[('Uganda', '5474'), ('Sudan', '3197'), ('Congo, Dem. Rep.', '2561')]"
South Africa,7/1/2000,"11,890",,"8,339,000",5,78,251,8,"44,000,000","25,036,000",25,57,52,55,34,63,4,"132,877,648,091","3,020","[('Mozambique', '159113'), ('United Kingdom', '143298'), ('Australia', '79021')]","[('Mozambique', '264572'), ('Zimbabwe', '129558'), ('United Kingdom', '126343')]"
South Sudan,7/1/2000,,,,,,,,"6,631,346",,,,,,,,,,,[],[]
Spain,7/1/2000,"19,784",,"24,265,059",14,7,"1,030",7,"40,263,216","30,720,834",10,83,76,79,15,68,17,"580,345,494,748","14,414","[('France', '151566'), ('Argentina', '137084'), ('Germany', '133635')]","[('Morocco', '253173'), ('Ecuador', '176212'), ('Colombia', '140748')]"
Sri Lanka,7/1/2000,,,"430,202",1,23,33,4,"19,102,000","2,999,014",18,75,67,71,26,67,6,"16,330,810,304",855,"[('India', '185572'), ('Saudi Arabia', '111001'), ('Canada', '89335')]","[('India', '384789'), ('Bangladesh', '3902'), ('Pakistan', '2310')]"
St. Kitts and Nevis,7/1/2000,,,"1,200",6,16,387,5,"44,286","14,526",,,,,,,,"380,822,121","8,599","[('United States', '11101'), ('Virgin Islands (U.S.)', '7069'), ('Puerto Rico', '3007')]","[('United States', '815'), ('Guyana', '600'), ('Dominican Republic', '368')]"
St. Lucia,7/1/2000,,,"2,500",5,18,244,5,"155,996","43,679",18,74,69,71,32,60,8,"721,059,217","4,622","[('United States', '14151'), ('French Guiana', '12026'), ('Barbados', '3970')]","[('Guyana', '1547'), ('United States', '943'), ('Trinidad and Tobago', '632')]"
St. Martin (French part),7/1/2000,,,,,,,,"28,384",,,,,,,,,,,[],[]
St. Vincent and the Grenadines,7/1/2000,,,"2,361",3,22,176,6,"107,891","47,904",20,73,68,70,31,62,7,"397,447,007","3,684","[('United States', '22249'), ('Canada', '8643'), ('Trinidad and Tobago', '8528')]","[('Trinidad and Tobago', '2138'), ('Guyana', '581'), ('United Kingdom', '554')]"
Sudan,7/1/2000,205,,"23,000",0,114,12,3,"27,556,383","9,947,854",38,59,55,57,42,54,3,"12,366,140,066",362,"[('Saudi Arabia', '198887'), ('Uganda', '149360'), ('Kenya', '48296')]","[('Rwanda', '60380'), ('Congo, Dem. Rep.', '53612'), ('Burundi', '51746')]"
Suriname,7/1/2000,,,"41,048",3,40,152,8,"466,846","336,596",23,71,65,68,31,64,6,"892,164,328","1,911","[('Netherlands', '178273'), ('France', '28022'), ('United Kingdom', '15444')]","[('Guyana', '7919'), ('Netherlands', '7360'), ('Brazil', '4917')]"
Swaziland,7/1/2000,,,"33,000",1,114,78,6,"1,010,787","235,513",33,49,48,49,45,52,3,"1,524,452,437","1,508","[('South Africa', '31891'), ('Malawi', '6994'), ('Mozambique', '3135')]","[('South Africa', '15404'), ('Mozambique', '14943'), ('Zimbabwe', '1025')]"
Sweden,7/1/2000,"6,006",,"6,372,300",46,4,"2,277",8,"8,872,109","7,452,572",10,82,77,80,18,64,17,"247,260,155,858","27,869","[('United States', '55584'), ('Norway', '34109'), ('Finland', '28981')]","[('Finland', '193364'), ('Serbia and Montenegro', '71180'), ('Bosnia and Herzegovina', '50956')]"
Switzerland,7/1/2000,"12,835",,"4,638,519",47,6,"3,519",10,"7,184,250","5,266,055",11,83,77,80,17,67,15,"249,918,732,455","34,787","[('United States', '51605'), ('Spain', '43159'), ('Germany', '38509')]","[('Italy', '336726'), ('Serbia and Montenegro', '223145'), ('Portugal', '148832')]"
Syrian Arab Republic,7/1/2000,187,,"30,000",0,23,57,5,"15,988,534","8,250,084",28,75,73,74,40,56,4,"19,325,894,913","1,209","[('Saudi Arabia', '105266'), ('Kuwait', '101634'), ('United States', '55753')]","[('West Bank and Gaza', '458611'), ('India', '10438'), ('Afghanistan', '9172')]"
Tajikistan,7/1/2000,,,"1,160",0,93,6,5,"6,172,807","1,635,794",31,68,60,64,42,54,4,"860,550,294",139,"[('Russian Federation', '383057'), ('Uzbekistan', '68534'), ('Ukraine', '32386')]","[('Russian Federation', '176029'), ('Uzbekistan', '65152'), ('Ukraine', '32679')]"
Tanzania,7/1/2000,946,,"110,518",0,130,10,4,"34,038,161","7,590,510",42,51,50,50,45,52,3,"10,185,786,171",308,"[('Kenya', '61151'), ('Sudan', '28388'), ('Uganda', '25928')]","[('Burundi', '72272'), ('Mozambique', '44345'), ('Kenya', '31182')]"
Thailand,7/1/2000,"9,935",,"3,056,000",4,18,67,3,"63,155,029","19,641,214",15,76,69,73,24,69,7,"122,725,247,706","1,943","[('United States', '186520'), ('Taiwan, China', '143484'), ('Cambodia', '100363')]","[('China', '224153'), ('Myanmar', '171759'), ('Lao PDR', '46108')]"
Timor-Leste,7/1/2000,,,,,104,32,8,"830,089","201,712",43,57,55,56,49,48,2,"316,200,000",381,"[('Australia', '9250'), ('Portugal', '2442'), ('Philippines', '1648')]","[('Indonesia', '8334'), ('China', '245'), ('Philippines', '172')]"
Togo,7/1/2000,,,"50,000",2,124,16,5,"4,793,504","1,749,629",37,56,53,55,43,54,3,"1,294,243,543",270,"[('Nigeria', '76914'), (""Cote d'Ivoire"", '42108'), ('Ghana', '40506')]","[('Benin', '64427'), ('Ghana', '28291'), ('Nigeria', '18989')]"
Tonga,7/1/2000,,,180,2,20,88,6,"97,935","22,721",28,73,69,71,38,56,6,"188,623,258","1,926","[('New Zealand', '17817'), ('United States', '16694'), ('Australia', '7596')]","[('United Kingdom', '266'), ('Fiji', '203'), ('Samoa', '94')]"
Trinidad and Tobago,7/1/2000,,,"161,860",8,32,244,4,"1,292,058","139,542",15,72,65,68,26,68,6,"8,154,315,708","6,311","[('United States', '207679'), ('Canada', '63625'), ('United Kingdom', '8078')]","[('Grenada', '11335'), ('St. Vincent and the Grenadines', '8528'), ('Guyana', '5355')]"
Tunisia,7/1/2000,"1,257",,"119,165",3,28,122,6,"9,563,500","6,063,259",17,75,71,73,30,64,6,"21,473,261,837","2,245","[('France', '310949'), ('Italy', '75808'), ('Libya', '67943')]","[('Algeria', '15846'), ('Morocco', '7165'), ('France', '3648')]"
Turkey,7/1/2000,"5,832",,"16,133,405",4,43,204,5,"63,627,862","41,167,227",21,72,67,69,31,64,5,"266,567,531,990","4,189","[('Germany', '2008979'), ('Austria', '179638'), ('Netherlands', '176306')]","[('Bulgaria', '480716'), ('Germany', '272995'), ('Serbia and Montenegro', '112537')]"
Turkmenistan,7/1/2000,,,"7,500",0,74,45,4,"4,501,419","2,061,650",23,68,60,64,36,59,4,"2,904,662,605",645,"[('Russian Federation', '175252'), ('Uzbekistan', '42565'), ('Kazakhstan', '33227')]","[('Russian Federation', '128858'), ('Uzbekistan', '27020'), ('Ukraine', '24323')]"
Turks and Caicos Islands,7/1/2000,,,,,,,,"18,873","15,967",,,,,,,,,,"[('Bahamas, The', '2423'), ('Puerto Rico', '1240'), ('United States', '314')]","[('Haiti', '2718'), ('Bahamas, The', '940'), ('United States', '508')]"
Tuvalu,7/1/2000,,,0,5,44,160,12,"9,419","4,333",,,,,,,,"13,940,067","1,480","[('Kiribati', '1040'), ('New Zealand', '1005'), ('Naura', '520')]","[('United Kingdom', '75'), ('Australia', '40'), ('Fiji', '24')]"
Uganda,7/1/2000,,,"126,913",0,144,15,7,"24,213,120","2,929,788",48,47,45,46,49,49,3,"6,193,246,632",256,"[('Kenya', '351083'), ('Sudan', '51331'), ('United Kingdom', '29745')]","[('Sudan', '149360'), ('Congo, Dem. Rep.', '86624'), ('Rwanda', '65400')]"
Ukraine,7/1/2000,"51,767",,"818,524",1,18,36,6,"49,175,848","32,996,994",8,74,62,68,18,68,14,"31,261,527,363",636,"[('Russian Federation', '3559975'), ('United States', '444101'), ('Kazakhstan', '402671')]","[('Russian Federation', '3613240'), ('Belarus', '270751'), ('Kazakhstan', '245072')]"
United Arab Emirates,7/1/2000,,,"1,428,115",24,12,699,3,"3,033,491","2,360,056",17,76,74,75,26,73,1,"104,337,375,343","34,395","[('West Bank and Gaza', '32202'), ('India', '14316'), ('Kuwait', '8991')]","[('India', '751142'), ('Pakistan', '569556'), ('Egypt, Arab Rep.', '133986')]"
United Kingdom,7/1/2000,"38,200",,"43,452,000",27,7,"1,767",7,"58,892,514","52,649,908",11,80,75,78,19,65,16,"1,477,200,786,806","25,083","[('Australia', '1026553'), ('United States', '833858'), ('Canada', '606723')]","[('Ireland', '636751'), ('India', '524796'), ('Pakistan', '350867')]"
United States,7/1/2000,,,"109,478,031",43,9,"4,703",13,"282,162,411","223,190,467",15,79,74,77,21,66,12,"9,898,800,000,000","35,082","[('Mexico', '350626'), ('Canada', '270708'), ('Puerto Rico', '243628')]","[('Mexico', '9367910'), ('Philippines', '1505820'), ('Puerto Rico', '1455095')]"
Uruguay,7/1/2000,,,"410,787",11,17,773,11,"3,300,847","3,013,674",16,79,71,75,25,62,13,"22,823,255,806","6,914","[('Argentina', '119169'), ('United States', '25507'), ('Brazil', '24756')]","[('Argentina', '25146'), ('Spain', '20682'), ('Brazil', '12950')]"
Uzbekistan,7/1/2000,"2,163",,"53,128",0,63,32,6,"24,650,400","9,194,599",21,70,64,67,37,58,4,"13,760,374,488",558,"[('Russian Federation', '918037'), ('Ukraine', '242390'), ('Kazakhstan', '109989')]","[('Russian Federation', '746535'), ('Kazakhstan', '164799'), ('Ukraine', '162266')]"
Vanuatu,7/1/2000,,,365,2,23,48,4,"185,074","40,161",33,69,66,68,41,55,3,"272,014,693","1,470","[('New Caledonia', '4064'), ('Australia', '888'), ('United States', '492')]","[('Australia', '243'), ('Samoa', '185'), ('France', '120')]"
"Venezuela, RB",7/1/2000,,,"5,447,172",3,25,273,6,"24,311,000","21,806,967",23,76,70,73,34,62,5,"117,147,614,566","4,819","[('United States', '118195'), ('Spain', '54198'), ('Colombia', '37169')]","[('Colombia', '617744'), ('Spain', '77759'), ('Portugal', '54250')]"
Vietnam,7/1/2000,"3,200",,"788,559",0,35,22,5,"77,630,900","18,864,309",17,74,70,72,32,62,6,"31,172,517,272",402,"[('United States', '1028454'), ('Australia', '152582'), ('Canada', '146343')]","[('Indonesia', '10529'), ('China', '8940'), ('Malaysia', '4813')]"
Virgin Islands (U.S.),7/1/2000,,,"35,000",14,,,,"108,639","100,600",14,80,75,78,26,66,9,,,"[('United States', '78966'), ('Ghana', '4632'), ('Puerto Rico', '1454')]","[('United States', '15745'), ('St. Kitts and Nevis', '7069'), ('Dominica', '4919')]"
West Bank and Gaza,7/1/2000,,,"7,076",1,31,,,"3,004,150","2,147,967",41,72,69,71,47,50,2,"4,113,261,233","1,369","[('Syrian Arab Republic', '458611'), ('Jordan', '104718'), ('Saudi Arabia', '90715')]","[('Israel', '479728'), ('Jordan', '269988'), ('Kuwait', '156362')]"
"Yemen, Rep.",7/1/2000,,,"32,042",0,100,25,4,"17,723,186","4,661,198",41,61,58,60,49,49,3,"9,636,342,275",544,"[('Saudi Arabia', '348060'), ('Kuwait', '57517'), ('United Arab Emirates', '55955')]","[('Iraq', '53675'), ('Azerbaijan', '41257'), ('Iran, Islamic Rep.', '38342')]"
Zambia,7/1/2000,183,,"98,853",0,157,18,6,"10,201,562","3,550,144",45,42,42,42,45,52,3,"3,237,716,325",317,"[('Zimbabwe', '45838'), ('South Africa', '23518'), ('Malawi', '17987')]","[('Zimbabwe', '31538'), ('Angola', '22777'), ('Congo, Dem. Rep.', '16601')]"
Zimbabwe,7/1/2000,,,"266,441",0,115,59,0,"12,509,477","4,228,203",30,44,45,45,42,55,3,"6,689,957,610",535,"[('South Africa', '129558'), ('Malawi', '57580'), ('United Kingdom', '49791')]","[('Malawi', '142229'), ('Mozambique', '95036'), ('Zambia', '45838')]"
